Vendor name,Vendor id
A.G. Traders And Suppliers,V0198
A.K. SERVICE AND SUPPLIERS,V1364
A.S.P. Natural Resources Pvt. Ltd.,V1064
Aadarsh Offset Press,V0602
Aadya Impex Pvt.Ltd.,V1104
Aajad Arts Flex,V0633
Aajad Offset Press,V0601
Aakanchhya Enterprises,V1059
Aalam Motor Parts,V0325
Aaliya Hardware Stores,V0822
Aamata Aura Consult Pvt.Ltd.,V0685
Aanvi Trade And Suppliers,V0006
Aarav Impex,V0199
Aarohi Traders,V0007
Aarti Strips Pvt. Ltd.,V0200
Aarvi Packaging Udhyog,V0008
Aarvi Traders,V0201
Aaryan Gift & Kitchen House,V0501
Aashiyan Engineering Workshop,V0823
Aashma Trade Concern,V1116
Abcl Suppliers Pvt.Ltd.,V0202
Abha Travel & Tours Pvt. Ltd,V0712
Access World Tech Pvt. Ltd,V0592
Ad Release Pvt.Ltd,V0603
Adarsh Temperature,V0294
Adhiraj Scrap,V0009
Aditya Enterprises Pvt. Ltd.,V1262
Aditya It Store,V0571
Aditya Traders,V0010
ADVANCE HYDRAU TECH PVT.LTD,V1292
Aeroflon Engineers Pvt Ltd,V0876
Aerolex Nepal Pvt. Ltd.,V0690
Affinity Trading Pvt.Ltd.,V1299
Agni Incorporated Pvt.Ltd,V0359
Agro Machinery Trade Link,V0842
AGRO TRADING HOUSE,V1297
Aircon Nepal Incorporated,V0785
Airport Hotel Pvt.Ltd,V0716
Airtech Industries Pvt. Ltd.,V0800
Ajmer Thermotech Pvt. Ltd.,V0851
Akanshka Enterprises,V0203
Alfa Machinery Makers,V0877
Alt Shift Pvt. Ltd,V1279
Amar Engineering Work Shop,V1068
AMARNATH SUPPLIERS,V1239
Ambar Gas Udhyog,V0569
Ambe Cement Pvt. Ltd.,V0773
Ambe Laxmi General Store,V0467
Ambe Traders & Suppliers,V0011
Ambika Traders,V0205
AMEI ENTERPRISES,V0980
Ametek Instrument India Pvt Ltd,V0910
Amit Store,V0447
Amrit Dhuwani Sewa,V0404
Anand Corporates,V0538
ANANT REFRACTORY PRODUCTS PVT LTD,V0990
Angel Suppliers,V0206
Anik Enterprises,V0930
Aniket Traders & Suppliers,V0324
Anil Traders,V0207
Anish Dip Boring Drilling Sewa,V0731
Anjani & Sons Enterprises,V0811
Anjani & Sons Impex,V0749
Anjani and Sons Impex Pvt.Ltd,V1342
Ankit Trading & Suppliers,V0996
Ankur Udhyog Pvt. Ltd .,V0659
Ankush Suppliers,V0733
Anmol Sweet,V1321
Annapurna Cables Industries Pvt. Ltd.,V0839
Annapurna Office Supplies Pvt. Ltd.,V0508
Annapurna Pashmina IM/EX-TIA,V0932
Annapurna Steel Industries Pvt. Ltd.,V0208
ANS Creation Pvt. Ltd,V1099
Anuj Suppliers & Traders,V0209
Anup Kabadi Stores,V0210
Anushka Enterprises,V0314
Anuska Trade and Suppliers,V1266
Ap Global Logistics,V0411
Apollo International,V0323
Apollo Power System,V1130
Apsara Hardware,V0789
Aradhya Traders & Suppliers,V0211
Arihant Multi Systems,V0570
Arun Kabad Center,V0012
Arvind Enterprises,V1074
As Dhuwani Sewa,V0408
Asha Industries,V0872
Ashma Traders And Suppliers,V0440
Ashok Radiator Workshop,V0322
Ashok Steel Industries Pvt. Ltd.,V0753
Ashraf Saw Mill,V0992
Asia Pacific Traders,V0873
Asian Boring & Construction (P.) Ltd.,V0916
Asian Drilling Company,V0917
Assured Motors Pvt. Ltd.,V0320
Atlas Copco Airpower N.V.,V0874
Atlas Electrical And Network Solution Pvt. Ltd,V0587
Avery India Limited,V0852
Avian Weighing Corporation,V0780
Avishesh Trading & Service Suppliers Pvt. Ltd.,V0734
Ayan Pharmacy,V1244
Ayush Builders,V1252
B.K Metachem,V0315
B.K. Agrawal & Co.,V1113
B.L. Trading Company,V0960
Baba Baidhnath Suppliers,V0212
Baba Biswakarma Scrap Kharid Bikri,V0213
Baba Shankar Traders & Suppliers,V0214
Babu Suppliers,V0215
Bachhala Devi Retrade Center,V0216
Bagmati Commercial Pvt. Ltd.,V0817
Bahadur Trade Suppliers,V0217
Baisali Hardware and Scrap Center,V0952
Bajrang Electrical Engineering Works,V0770
Bajrang Electricals & Fabricators,V0810
Bajrang Kabad Stores,V0218
Bajrang Steels Pvt. Ltd,V0219
Bajrang Tel Bikri Kendra,V1349
BAJRANGLAL CHANDRA KUMAR,V0977
Balaji and Aradhya Traders,V1043
Balaji Associates,V1024
Balaji Exports Imports,V0816
BALAJI R.M.C. HUMEPIPE POLES AND CONCRETE PVT.LTD,V1276
Balaji Suppliers,V0013
BALAJI SUPPLIERS,V1361
Balaju Auto Works Pvt.Ltd,V0372
BALRAM DAS AND SONS,V1362
Baniya Electrical Services Pvt. Ltd.,V0824
Banke Traders Pvt. Ltd.,V0014
Bansal Trade Suppliers,V0841
Barahi Hardware & Suppliers,V0220
Best Carriers and Logistics Pvt Ltd,V1233
Best Décor,V1259
Bhagawati Logistics Pvt.Ltd,V1060
Bhagwati Industrial Supplier,V0748
Bhagwati Logistics Pvt. Ltd.,V0394
Bhagwati Material Handling Services Pvt. Ltd.,V0402
Bhajuratna Engineering & Sales Ltd.,V0755
Bhaktapur Purnyojan Suppliers,V0221
Bhanu Trade And Suppliers,V0015
Bharat Roll Industry P Ltd,V0316
Bhartia Motors,V0373
Bhat Bhateni Super Market & Departmental Store Pvt. Ltd.,V0442
Bhawani Roadways,V0438
Bhawani Traders,V0016
BHC International Pvt. Ltd.,V1200
Bhola Baba Kabadi Suppliers,V1184
Bholenath Scrap Centre,V0017
Bhujal Drilling & Construction Pvt. Ltd.,V0918
Bhumi International,V0982
Bhupindra Machines (P) Ltd.,V0875
Bhusal cable and wire industries pvt. ltd,V1112
Bhusal Clearing Agent,V1005
Bibek Kabadi Traders,V0018
Bibek Raj Kabadi,V1090
Bibek Scrap,V0019
Bidh Management Pvt. Ltd.,V0516
Bidhya Metal Udhyog,V0291
Bikash Construction,V0729
Bikash Media Pvt.Ltd,V0610
Bikki Enterprises Pvt. Ltd.,V0809
Bikram Traders,V0222
Binay Kabadi Pasal & Suppliers,V0020
Binayak Store,V1256
Binayak Traders & Suppliers,V0223
Bindawashni Suplliers Center Pvt.Ltd,V0998
Binod Hardware Stores,V0843
Binod Mobile Suppliers,V0573
Binod Sah Teli ( Dairy Hub ),V1094
Bipasna Enterprises,V1124
Birendra Auto Servicing Center,V0374
Birgunj Mahanagar Palika,V0551
Birgunj Pashupati Iron And Steel Pvt. Ltd.,V0224
Birgunj Smart Computer & Toner House,V0572
Bishal Steel Enterprises,V0021
Bishwa Kabadi,V0225
Bishwakarma Scrap Traders,V0022
Bishwakarma Suppliers,V0226
Bishwakarma Traders & Suppliers,V0227
BISHWARAJ CONSTRUCTION,V1319
Bishwokarma Scrap Suppliers,V0023
Bizhub Consulting Service Pvt.Ltd,V1057
Bizworld Advisory Pvt. Ltd.,V0683
Bkc Suppliers,V0228
Blazewell Exim Pvt. Ltd.,V0679
Blue Sky Impex,V1207
Blue Sky Impex Pvt.Ltd.,V1220
Blue Star Electrical Engineering,V0724
Blue Star Engineering & Electronics Ltd.,V0871
BN Industries,V1106
Bolbam Iron Scrap Stores,V0024
Bqt Local Lunch Food,V0703
Brand Worth Pvt. Ltd,V1278
Bravo Sponge Iron Pvt. Ltd.,V0657
Bs Printing Support,V0609
Bs Traders,V0492
Buddha Air Pvt. Ltd.,V0955
Bunty Overseas Pvt. Ltd.,V0660
Byahut Liquors,V1353
C And K Scrap Suppliers,V1315
Calderys India Refractories Limited,V0313
Capitaleye Pvt. Ltd.,V0611
Cardan Shaft India,V0869
Carpenters Stop Pvt. Ltd.,V1275
Cbc Enterprises,V0025
CEMMAX ENTERPRISES,V1255
Central Material Testing Lab (TU),V1312
CG POWER AND INDUSTRIAL SOLUTIONS LIMITED,V1272
CHANDABALA INTERNATIONAL,V0978
Chandan Mal Biu Store,V0535
Chandani Oil Pvt. Ltd,V1346
Chaudhary Enterprises,V0999
Chaudhary Tyre,V1031
Chaulagain N. & Associates Chartered Accountants,V0694
Chaurasiya Labour Suppliers Pvt. Ltd.,V0737
Chitra Sign,V0604
Chitwan Sahara Hardware Pvt. Ltd.,V0229
Churiyamai Earthmoving Electricals,V0326
Churiyamai Kitchen Suppliers,V0480
Civil Engineering Students Society Nepal,V0620
CIVIL HEALTH SERVICE PVT.LTD,V1071
Cj Darcl Logistics Limited,V0413
Classic Package Pvt. Ltd.,V0026
Classic Plaza Hotel Pvt. Ltd.,V0711
Clean City,V0230
CME Engineering Pvt. Ltd.,V0933
CMTC METALLURGICAL INDIA PVT LTD,V1251
COMPARTS SOLUTION,V0993
Comtech Engineers & Consultants ( P ) Ltd.,V0867
Concast Pvt. Ltd. ( India ),V0868
CONCAST TECHNO ENGINEERING,V1270
Continental Belting Pvt.Ltd,V0973
Continental Service Pvt. Ltd.,V0371
Cotmac Electronics Pvt Ltd,V0911
Crystal Controls Pvt. Ltd.,V0959
Cs International,V0539
Custom Office Bhairahawa,V1182
Custom Office Birgunj,V1125
Custom Office Birgunj  Dry Port,V1126
Custom Office TIA,V1183
D.B. Helmet House,V0499
D.B. Machine Tools Pvt. Ltd.,V0661
D.K. Carrier Service,V1318
D.S. Dhuwani Sewa,V1352
Danfe Logistics Company Pvt. Ltd.,V0403
Dayanand Traders,V1328
Ddt Trading,V0231
Deem Roll Tech Ltd,V0312
Deep Road Carrier,V1073
Deepak Time Center,V0524
Deewa Enterprises,V1289
DELUXE INDUSTRIAL GASES,V0953
Deputa International Company Pvt.Ltd.,V1235
Deskco Furniture,V0865
Devi Traders & Suppliers,V0027
Devikripa Hardware Pvt. Ltd.,V0232
Dhanlaxmi Impex & Trading Company Pvt. Ltd.,V0233
Dhanraj Traders,V0234
Dharmendra Traders and Suppliers Pvt.Ltd.,V1216
DHL Express Nepal Pvt. Ltd,V1257
Dipu Motor Parts,V0327
Divya Ananya Concern,V0235
Divyan Traders & Suppliers,V0514
Dk Construction,V0236
Do not use Himakashi Enterprises,V0035
DO not use Samridhi Dhuwani Sewa,V0410
Dollar Nirman Sewa Pvt.Ltd,V1042
Dream Home Furniture,V1013
Dreams Service & Supply Pvt. Ltd.,V0922
Dreams Taj Bistro & Hostelry,V0699
Dristee Decoration Pvt. Ltd,V1089
DTDC Express Limited.,V1075
Durga Engineering Workshop,V0498
Durga Maruti Suppliers,V0028
Durga Pulps Pvt. Ltd.,V0237
Durga Steel Industries Pvt.Ltd,V1015
E.V. Network Pvt. Ltd.,V1358
East Central Railway,V1343
East Management And Engineering Service Pvt. Ltd,V0482
Eastern Bearings Pvt. Ltd.,V0864
EASUN MR TAPCHANGERS PRIVATE LIMITED,V1301
Easy Communication,V0715
Eklavya Traders,V0238
Electronic Plaza,V0792
ELITE STEELS PRIVATE LIMITED,V1212
Eloquent Steel Pvt. Ltd.,V0662
Escan Nepal,V0588
Eureka Trading House Pvt. Ltd.,V0818
Euro Automotive Pvt. Ltd.,V0329
Everest Hospitality And Hotel Ltd,V0704
Everest Parenterals Pvt. Ltd.,V0288
Everest Sugar & Chemicals Pvt. Ltd.,V0001
EVEREST TR LOAN -NPR,V1185
EVEREST TR LOAN -USD,V1186
Everest Trade & Suppliers,V0328
Exotic Adventures Tours And Travels Pvt. Ltd.,V0713
Fa &Sons Auto Pvt. Ltd.,V0370
Fairdeal Medical Stores Pvt. Ltd.,V0934
Famous Art & Advertising,V0644
Fewa Auto Parts,V0330
Fortune Steel Impex Pvt. Ltd.,V0239
Fra Engineers,V0743
Fresh Rush Beverage Pvt. Ltd.,V1230
Friendship Prabhu Suppliers,V0240
Frox Job Pvt. Ltd.,V0686
Fuji Gemco Pvt. Ltd.,V0744
Fun & Fun,V0452
G Four Junk Yard Center,V1265
G.R. Liquors Suppliers,V1325
G4S Security Services Nepal Pvt. Ltd.,V0727
Gadhimai Scrap House,V1209
Gahawamai Enterprises,V1027
Gahwamai Kitchen Suppliers,V0529
Ganapati Scrap Center,V1077
Ganesh Trade & Suppliers,V0029
Ganesh Welding Workshop,V0745
Ganga Suppliers,V0719
Gani Husain Suppliers And Construction Pvt.Ltd.,V0834
Ganpati Airconditioner Services,V0575
Ganpati Nirman Sewa,V0723
GANPATI POWER SYSTEM & SOLUTIONS,V1019
Ganpati Shramik Sewa Pvt. Ltd.,V1002
Garud Securities Pvt. Ltd.,V0718
Garun Incorporate Pvt. Ltd.,V0574
Gaushiya Paint Pasal,V0956
Gautam Hotel Bardibas Pvt. Ltd.,V1360
Gayatri Nishan Two Wheelers Pvt. Ltd.,V1197
Gdp Nepal Media Pvt.Ltd.,V0641
Geeta Mandir Photo Centre,V0645
Ginni & Sons,V0331
Ginni Motors,V0333
Giridhan Metal Pvt. Ltd.,V0663
Glass Guard,V0761
Global Construction Consultants Pvt. Ltd.,V0692
Global Infrastructure Initiative Pvt. Ltd.,V0332
Global Tech Nepal,V1245
Golden Eye Party Palace Restaurant & Lodge,V0705
Gorkha Metal Udyog,V0369
Goyal Enterprises,V0311
Goyal Ispat Pvt. Ltd.,V0293
GPT CASTINGS LIMITED,V1097
Greasy Spoon Restaurant,V0706
Green Hill Nursery,V0505
GRIND CHEM,V1018
Gusingal Motorcycle Service Center Pvt. Ltd.,V1359
H & P Corporation ( India ),V0866
H Raz Enterprises,V0030
Hajurlai Namaste Trade Link Pvt.Ltd,V0958
Hama Iron & Steel Indusries Pvt. Ltd.,V0241
Hamro Dhuwani Sewa,V0395
Hamro Himali Dhuwani Sewa,V1201
Har Har Mahadev Traders,V0031
Harishankar Placement Services Pvt. Ltd.,V1096
Hassam Iron,V0032
Heavy Equipment Traders,V0845
Hg Ent. Pvt. Ltd.,V0760
Hgl Global Logistics,V0416
Hgl Worldwide Logistics,V0414
HI-TECH AUTOMATION,V1051
HillTake Industries Pvt.Ltd,V1115
Himakashi Enterprises,V0197
Himal Logistics and Cargo Nepal Pvt. Ltd.,V1034
Himal Water Park & Village Hotel Pvt. Ltd.,V0700
Himalaya Enterprises,V0446
Himalaya Sugar Mill Ltd.,V0002
Himalayan Solutions,V1273
Hind Agencies,V0540
Hind Global Logistics,V0415
Hindustan Gear Tech Pvt. Ltd.,V0309
Hitech Industries Co.Ltd.,V0310
Hitech Solutions & Services P. Ltd,V0593
Hollteck India Guides Pvt. Ltd.,V0863
Hotel Barahi Pvt. Ltd,V1367
Hotel Diyalo Pvt. Ltd.,V0707
Hotel Ichchha Pvt. Ltd.,V1065
Hotel Intourist Palace,V0708
Hotel Makalu Pvt. Ltd.,V1012
Hotel Pujan Pvt. Ltd.,V0709
Hotel Royal Airport Pvt. Ltd,V1286
Hotel Shrestha Residency Pvt. Ltd.,V0710
Hotel Siraichuli Pvt. Ltd.,V1083
Hp Trade & Suppliers,V0242
Hyonjan Electrical Engineering Fabricator Pvt.Ltd,V0765
I.K Steel Furniture Udhyog,V1335
ICRA Nepal Limited,V0935
Ideal Cargo and Courier Pvt. Ltd,V0682
Idream Technologies P. Ltd.,V0585
IME Automotives Pvt. Ltd.,V0360
Ims Smart Pvt. Ltd.,V0594
Imtiaz Motorcycle Reparing Workshop,V0334
Indhri Group Pvt. Ltd.,V0511
Indian Stores Supplying Co. Pvt. Ltd.,V0861
Indreni De Cafe Pvt. Ltd,V0702
Indreni Suites Hotel Pvt. Ltd,V1260
Inductotherm India Pvt. Ltd.,V0862
Induja Engineering Services P. Ltd.,V0541
INDUSTRIAL IT SOLUTIONS PVT.LTD,V0983
Infinity Lines Trading,V0243
Infomerics Credit Rating Nepal Ltd.,V1228
Infosoft Computer & Service Pvt. Ltd.,V0967
INFRATECH PVT.LTD,V1284
Insight Law Chamber,V0695
International Certification Services Pvt. Ltd.,V1199
International Electronics Concern P. Ltd.,V0586
Ip Roadlines Pvt. Ltd.,V0417
Isc Machines Pvt Ltd,V0893
Isc Processors Pvt. Ltd.,V0860
IT Trade Exim,V0950
Itech Office Support,V0591
J.S. Trade Link Pvt.Ltd,V0964
Jafraj Construction,V0732
Jagadamba Suppliers,V0974
Jagadamba Transport Agency,V1072
Jagdamba Concreto Pvt. Ltd.,V0820
Jagdamba Enterprises Pvt. Ltd.,V0802
Jagdamba Motors Pvt. Ltd.,V0794
Jagdamba Recycling Pvt. Ltd.,V0033
Jagdamba Retailers Pvt. Ltd.,V0245
Jagdamba Spinning Mills Ltd.,V1020
Jagdamba Steels Ltd.,V0751
Jagdamba Synthetics Pvt.Ltd,V0972
Jai Ambe Minerals,V0319
Jai Balaji Jewellers Pvt. Ltd.,V0522
Jai Bishnu Body Builders,V0335
Jai Shiv Bhole Stores,V0246
Jaishwal Scrap Pasal,V0247
Jajoo Exim Pvt. Ltd.,V0295
Jakson Enterprises Nepal Pvt. Ltd.,V0833
Jaljala Builders & Infrastructure Pvt. Ltd.,V0248
Janak Traders,V0249
Janaki Technology Pvt. Ltd,V0590
Janki Labours Suppliers Pvt. Ltd.,V0968
Janta Telitime Traders,V0576
Jasmine Apartment Hotel Pvt. Ltd.,V0696
Jay Ambe Trade Concern,V0986
Jay Baba Bishwakarma Enterprises,V1063
Jay Baba Cotton Dust,V0450
Jay Balaji Trade Link Suppliers,V1055
Jay Bhawani Trading,V1313
Jay Durga Transport,V0386
Jay Durge Traders,V0095
Jay Hanuman Baba Suppliers,V0244
Jay Hanuman Trade Enterprises,V0250
Jay Hanuman Traders,V0251
Jay Jagdamba Hardware & Suppliers,V0096
Jay Janki Trade,V0097
Jay Kalimata Stores,V0252
Jay Ma Ambe Traders & Suppliers,V0098
Jay Ma Bani Traders Pvt. Ltd.,V0099
Jay Ma Bhagwati Traders,V0100
Jay Ma Bhawani Center,V0253
Jay Ma Durga Traders,V0254
Jay Ma DurgeTraders Pvt.Ltd.,V1129
Jay Ma Laxmi Suppliers,V0101
Jay Ma Shakambhari Pvt. Ltd.,V0255
Jay Maa Ambe Mobile Center,V1338
Jay Maa Baishno Scrap Centre,V0102
Jay Maa Suppliers,V0256
Jay Maa Taradevi Scrap,V0103
Jay Maa Vaishanavi Trading Pvt. Ltd.,V0257
Jay Mahadev Traders,V1308
Jay Maruti Suppliers,V0104
Jay Mata Baishno Devi Scrap Center,V0258
Jay Mata Di Baluwa Prasodhan Udhyog,V0847
Jay Mata Di Scrap & Suppliers,V0259
Jay Mata Di Traders,V0105
Jay Matarani Suppliers,V1007
Jay Narayani Fulltrip,V0397
Jay Nepal Multibusiness P. Ltd.,V0808
Jay Nepal Tent House,V0481
Jay Shree Gautam Suppliers,V0106
Jay Shree Ichhya Furniture Udhyog,V0963
Jay Shree Krishna Suppliers,V0107
Jay Shree Krishna Traders,V0260
Jay Shree Ram Oil Enterprises,V1078
Jaya Maa Vaishanavi Trading Pvt. Ltd.,V0003
Jayaram Baba Bishwokarma Suppliers,V0108
Jaydeeb Canteen & Catering,V0697
Jayesh Logistics Pvt. Ltd.,V0418
Jayshwal Traders,V0261
Jc Builders Pvt. Ltd.,V0736
JC Exims Pvt. Ltd.,V0825
JC Readymix Concrete Udhyog,V0832
Jha Kawadi Sankatan Kendra,V0109
Jharkhand Grind Chem Pvt. Ltd.,V0296
Jhs Analytic Traders,V0463
Jindal Lube Tech Pvt. Ltd.,V0566
JMD OVERSEAS,V0949
Jnj Traders,V0262
Jss Life Science Pvt. Ltd.,V0518
Jyoti Shree Nepal Pvt. Ltd.,V0787
Jyoti Traders,V0110
K-Link Computer Support & Services,V0584
K. Traders,V0454
K.R.N. Labour Suppliers Pvt.Ltd,V1336
Kabadi Store,V0111
Kabila Supplier Center,V0263
KABIR MINERALS,V1363
Kalika Traders,V0264
Kalika Traders & Suppliers,V0112
Kalika Trading,V0113
Kalimai Traders Pvt Ltd,V0997
Kamaladi Lime and Minerals Pvt. Ltd.,V1210
Kamana News Publications Pvt.Ltd,V0640
Kamana Traders,V1069
Kamlamohan International Pvt.Ltd,V1122
Kanchan Home Decor Suppliers,V1052
Kantipur Electronics Concern,V1029
Kantipur Nepal Tarnsport Pvt. Ltd.,V0388
KAPSTEC,V0989
Kaptan Husen Workshop,V0462
Karden Trade,V0265
Karemate Global Solution,V1107
Kathamandu Ma.Na.Pa.-Ward No.32,V0552
Kathmandu Impex,V0266
Kathmandu Machinery,V1084
Kathmandu Trade Concern Pvt. Ltd,V0510
Kathuria Roll Mill Pvt. Ltd.,V0879
Kathuria Techmech Pvt. Ltd.,V0880
Katyani Chandi Suppliers,V1091
Kaushal Traders & Suppliers,V0114
Kaushara Dhuwani Sewa,V1100
Kc Dhuwani Sewa,V0409
Kesharichand Bhanwarlall,V0368
Khalsa Road Lines,V1203
Khandelwal International Impex,V0756
Khatu Shyam Trading,V1066
KI TRANSPOWER PRIVATE LIMITED,V1366
Kishan Hardware & Suppliers,V0267
Kishan Trade & Suppliers,V0115
Kishan Traders,V0473
Kje India Pvt. Ltd.,V0878
Koala Trade International Pvt. Ltd.,V0517
Kontakt Express Service,V0419
KRISHAN SALES CORP,V0946
Krishna Pasal,V0116
Kriti Traders & Suppliers,V0268
Kriyansh Traders,V1307
Kuber Engineering Works,V0506
Kumar Traders & Suppliers,V0269
Kunal Traders,V1131
Kunkun Suppliers,V1331
Kushwaha Fabricator And Electrical Workers Suppliers Pvt. Ltd.,V0775
L.I Auto Services Pvt. Ltd.,V0491
Lalbabu Motorcycle Workshop,V0336
Lalu Kirana,V0478
Lama Trade Concern Enterprises,V1103
Laundry Service.Com,V0531
LAWATHERM FURNACE PRIVATE LIMITED,V1095
Laxmi & Gadhimai Kitchen Store,V0527
Laxmi Mai Traders,V0117
Laxmi Steels Limited,V1004
LC:22523LS00701,V1132
LC:23DC01INR036844,V1135
LC:23DC01INR036844,V1139
LC:23DC01INR037360,V1138
LC:23DC01INR039468,V1152
LC:23DC01USD035230,V1133
LC:23DC01USD036619,V1134
LC:23DC01USD037361,V1136
LC:23DC01USD037361,V1137
LC:23DC01USD037361,V1140
LC:23DC01USD037361,V1143
LC:23DC01USD037564,V1141
LC:23DC01USD037564,V1142
LC:23DC01USD037564,V1147
LC:23DC01USD037564,V1148
LC:23DC01USD037564,V1150
LC:23DC01USD037564,V1151
LC:23DC01USD037847,V1144
LC:23DC01USD037847,V1145
LC:23DC01USD037847,V1146
LC:23DC01USD037847,V1149
LC:23DC01USD038445,V1163
LC:23DC01USD038994,V1162
LC:23DC01USD041467,V1153
LC:23DC01USD041467,V1154
LC:23DC01USD042076,V1155
LC:23DC01USD043664,V1164
LC:23DC01USD044701,V1165
LC:24DC01USD046507,V1166
LC:988ILCS81USD0254,V1181
LC:998ILCS81USD0153,V1178
LC:998ILCS81USD0225,V1179
LC:998ILCS81USD0241,V1180
LC:ILC903798002171,V1167
LC:ILC903798002171,V1168
LC:ILC903798002171,V1169
LC:ILC903798002171,V1170
LC:ILC903798002171,V1171
LC:ILC903808100226,V1172
LC:ILC903808100240,V1173
LC:ILC903808100755,V1174
LC:ILC903808101033,V1176
LC:ILC903808101055,V1175
LC:ILC903808101082,V1177
LC:P00121S459290,V1156
LC:P00121S511890,V1157
LC:P00121S511890,V1158
LC:P00121S511890,V1159
LC:P00121S511890,V1160
LC:P00121S511890,V1161
Lechler (India) Pvt. Ltd.,V0858
Leistertech,V0857
Li Quick Services Pvt.Ltd,V0381
Liaoning Mineral And Metallurgy Group Co. Ltd,V1117
Lithobuilt Co. Ltd,V1354
Lucky Electonics,V0599
Lumbini Trade Store,V1108
M.A.W Engineering Pvt. Ltd.,V1009
M.A.W. Petro Products Pvt.Ltd,V1242
M.D HITECH,V0970
M.S.Suppliers,V0118
Ma Ambe Traders,V0119
Ma Baishno Traders & Suppliers,V0270
Ma Bhagwati Suppliers,V0271
Ma Bindawasini Books & Stationery,V0612
Ma Chandeshwori Scrap Center,V0120
Ma Laxmi Traders,V0121
Ma shakambari Enterprises,V0984
Ma Shakambhari Traders,V0272
Ma Shanti Trade & Suppliers,V0122
Maa Bhawani Recycling Pvt. Ltd.,V0273
Maa Gadhimai Trader & Suppliers,V0123
Maa Gayatri Medical Hall,V0678
Maa Manokamana Enterprises,V1237
Maa Sakambari Trade Concern,V0274
MAA SHARADA ENTERPRISES,V1347
Maa Sita Suppliers,V0275
Maa Sonasati Kawad Stores,V0276
Maa Vaishnavi Art,V0646
MACHHAPUCHHRE TR LOAN -USD,V1188
MACHHAPUCHHRE TR LOAN-NPR,V1187
Macto Spares Concern,V0758
Madhav International Pvt. Ldt.,V0520
Madhu Oil Enterprises,V0560
Madhu Oxygen Industries Pvt.Ld,V0561
MAGNUM COAL PVT.LTD,V1234
Maha Shakti Traders & Suppliers,V0124
MAHABALA INTERNATIONAL,V1093
Mahadev Power Solutions Pvt.Ltd,V1016
Mahakali Clearing Services,V1022
Mahalaxmi Paint Traders,V1317
Mahavir Agency,V0796
Mahavir Machinery Stores,V0784
Mahavir Power System,V0804
Main Media Pvt.Ltd,V0630
Makalu Soap & Chemical Industries Pvt. Ltd.,V0497
MAKPOWER TRANS SYSTEMS PRIVATE LIMITED,V1269
Makwanpur Heavy Equipment Workshop,V0969
Makwanpur Trade Link Pvt.Ltd,V1332
Malashree Motors (P). Ltd.,V1241
Malika Home Art Pvt. Ltd.,V0512
Manakamana Logistic Pvt. Ltd.,V1271
Manakamana Mai Scrap Centre,V0277
Manakamna Kawad Suppliers,V0125
Manakamna Transport,V0392
Manasi General Suppliers,V0550
Manglam Electric Workshop,V0829
Mani Electric and Hardware Stores,V1085
Manju Enterprises,V0859
Mankamana Kabadi Packing Udhyog,V0126
Manoj Gas Udyog P Ltd,V0562
Mansur Tyre Repairing Center,V0367
Maruti Flex Print,V0629
Maruti Nanda Tours & Travels Pvt. Ltd.,V0714
Maruti Nandhan Hardware And Skrap Suppliers,V1337
Matin Softech,V1040
Maw Earthmovers Pvt. Ltd.,V0782
Maxx Auto Pvt. Ltd.,V0337
MB Traders & Suppliers,V0936
Mechnox Engineering Solution,V0856
Media Basket & Marketing,V0631
Media Hub Pvt.Ltd,V0613
Media Master Concept Pvt.Ltd,V0614
MEDIKO Life Sciences (P) Ltd.,V1067
Mega Mart Pvt. Ltd.,V0471
Mega Mart Pvt. Ltd.,V1310
MEHI POWER TRANSFORMERS,V1236
Mercantile Office Systems Pvt. Ltd.,V0582
Metal Work Trade Pvt.Ltd.,V1202
Metals Cast Pvt.Ltd,V0981
METTLER-TOLEDO INDIA Pvt.Ltd,V1258
Mga International Pvt. Ltd.,V0461
MICRO HEAT,V1314
Mijbaani Sweet,V0698
Milijuli Dhuwani Sewa,V0396
Misika Enterprises,V1264
MLU METALLIKS PRIVATE LIMITED,V0664
MLU OVERSEAS PVT.LTD,V1277
MNBC Pvt. Ltd,V1304
Mnv Suppliers,V0127
Mo.Alam Engineering Workshop And Suppliers,V1032
Module Enterprises,V0298
Mohan Hardware,V0278
Mom Nepal Media Pvt.Ltd,V0632
Momina Piling Services,V0735
Mortex India,V0297
Movac Industries,V0299
MOVAC OVERSEAS,V0961
Mrs Traders,V0289
Ms Trading International,V0746
Mukesh Trade & Suppliers,V0279
Multi Lab Pvt.Ltd,V0483
N Car Decoration Center,V0341
N.N. Traders And Suppliers,V0280
N.S Engineering and Geo- Technical ServicesPvt. Ltd.,V1006
NABIL TR LOAN -NPR,V1189
NABIL TR LOAN -USD,V1190
Nag Traders,V0281
Namaste Cranes And Trades Pvt. Ltd.,V0361
Namaste Infotech Pvt. Ltd.,V0581
Namo: Buddha Motorcycle Workshop,V1231
Nand Scrap Center,V0282
Nandan Krishna Traders Pvt. Ltd.,V0283
Nandu Trade Store,V1211
Narayani Auto Suppliers,V0342
Narayani Denting Painting Auto Work Shop,V0343
Narayani Electro Mechanic & Krishi Aujar Udhyog,V0284
Narayani Fm 103.8 Mhz,V0605
Narayani Ispat Pvt. Ltd.,V0788
Narayani Rolling Mills Pvt. Ltd.,V0752
Narayani Steels Pvt. Ltd.,V0771
Narayani Strips Pvt. Ltd.,V0813
Narayani Tyre House,V0366
Narayani Vayodha Hospital Pvt. Ltd.,V0493
National Suppliers,V0129
National Traders &  Suppliers,V0285
Nav Durga Re Trade Centre,V0130
Nav Durga Traders - Gaidakot,V0131
Nav Durga Traders- Chitwan,V0286
Ncell Pvt. Ltd.,V0595
Neha And Atul Impex,V0767
Neo Software Pvt. Ltd.,V0580
Nep Tech Trade Concern,V0801
Nepal Auto Parts,V0338
Nepal Battery Workshop,V0844
Nepal Car Decoration Center,V0362
Nepal Casting Udhyog,V0037
Nepal Concrete Udhyog,V1204
Nepal Construction & Engineering Corporation Pvt. Ltd.,V0757
"Nepal Doorsanchar Company Ltd.,",V0937
Nepal Electricity Authority,V0553
Nepal General Marketing Pvt. Ltd.,V0486
Nepal Heavy Electric Works,V0848
Nepal Heavy Electrical And Mechanical Works,V1283
Nepal Insurance Company Ltd,V0676
Nepal Ion Exchange Pvt. Ltd.,V0837
Nepal Logistics,V0422
Nepal Logistics Pvt. Ltd.,V1050
Nepal Lube Oil LTD.,V0563
Nepal Marble & Sanitation Pvt. Ltd,V1294
Nepal Media Techology Pvt. Ltd.,V1285
Nepal Roadways Co.,V0423
Nepal Trade Link,V0132
Nepal Transit And Warehousing Company Ltd.,V1280
Nepal Tyre Center,V0363
Nepal Wires & Cables Pvt.Ltd,V0754
Nepoland Multipurpose Pvt.Ltd,V1355
Neupane Engineering Pvt. Ltd.,V0766
Neupane Tower,V0957
New Aditya Store,V0577
New Apsara,V0472
New Ashraf Disel Service,V0564
New Asish Carrier,V0387
New Bachhaladevi Suppliers,V0004
New Bhairab Carriers,V1333
New Bishwash Traders,V0038
New Chitwan Hume Pipe Udhyog Pvt. Ltd.,V0750
New chitwan sajawot,V0036
New Hello Sir,V0459
New India Electricals Limited,V0881
New Khushi Marketing,V0133
New Lalit Enterprises,V0468
New Laxmi Suppliers,V0134
New Maa Vaishno Enterprises,V0790
New Mahalaxmi Traders,V0135
New Mahavir Vastralay,V0449
New Moktan Traders,V0739
New Movers Logistics,V0923
New Narayani Dhuwani Sewa,V0384
New Neha Overses,V0136
New Pappu Kirana,V0466
New S.K Suppliers,V0039
New Sandip Cycle And Electricals,V0460
New Sharma & Sharma Clearing Agency,V0924
New Shree Krishna Automobiles,V0339
New Star Decor,V0448
New Sumit Traders & Suppliers,V0137
New Tech Controls,V0457
Newton Enviro Engineering,V0882
Nexgen Digital Press Pvt. Ltd.,V0618
Nexgen Realstate & Housing Pvt. Ltd.,V0040
Niharika Suppliers Pvt.Ltd,V1225
Nilkanth Traders Suppliers,V0138
Nimble Infosys Pvt.Ltd,V0589
Niraj General Suppliers,V0041
Niranjan Traders & Suppliers,V0139
Nirwan Logistics,V0421
Nisha Trade Suppliers,V0042
Nitesh & Aakash Traders,V0043
Nitesh & Bikash Traders,V0044
Niwas Traders Pvt. Ltd.,V0045
Nk Logistic Service Pvt.Ltd,V0393
Noor Nesa Tyre Kharid Bikri Center,V0340
North Eastern Carrying Corporation Limited,V0424
NSBI TR LOAN - USD,V1250
NSBI TR LOAN -NPR,V1191
Nts Media Service,V0638
Nuhydro Automation Product,V0883
O.S.R Traders Pvt. Ltd,V0519
Ocean Plastic Industries,V0290
Oliz Store Pvt. Ltd,V1326
Om Advertising,V0639
Om Ambe Scrap Store,V0140
Om Earth Moovers Pvt. Ltd.,V0344
Om Ganapati Traders,V0141
Om Garima Traders,V0142
Om Iron Traders,V0046
OM KRISHI BEEJ BHANDAR,V1128
Om Mata Di Suppliers,V0642
Om Namah Shivay Suppliers,V0047
Om Namah Shivay Traders,V0143
Om Sai Trade Link,V1127
Om Sai Traders And Suppliers,V0048
Om Satyasai Pvt.Ltd,V0828
Om Shakti Dhuwani Sewa,V0390
Om Shree Shakti Traders,V0144
Om Shreesai Trade Link,V1263
Om Suppliers,V0145
Om Trade And Suppliers,V0146
Om Traders,V0049
Omex International,V0884
Omkara Suppliers Pvt. Ltd.,V0147
Omkara Trading Pvt. Ltd.,V0148
Omni Automobiles Pvt. Ltd.,V0938
Omni International Pvt. Ltd.,V0554
Omshakti Suppliers,V1070
Online Kendra Media Pvt.Ltd,V0628
Online Samagri Pvt.Ltd,V0521
Onlinekhabar Nepal Pvt. Ltd.,V0643
ORANGE TECHWORTH SOLUTIONS,V1010
Oremet Alloys And Castings Pvt. Ltd.,V0542
Oriental Enterprises,V0543
ORISSA ALLOY STEEL PVT.LTD,V0994
ORISSA STEEL & POWER PVT.LTD,V1288
Osmium & Company Pvt. Ltd.,V0772
Out Door Mart,V0475
P & P Traders,V0476
P. Regmi & Associates,V1247
P.N.R Décor & Design Pvt Ltd,V0502
P.R.C. Logistics and Warehousing Pvt. Ltd.,V1309
P.R.D. Enterprises,V1323
P.S And Sons Enterprises Pvt. Ltd.,V0050
Pacific Construction & Consultancy Pvt. Ltd.,V0149
Paharpur Cooling Towers Limited,V0885
Pahunch Legal Concern Pvt. Ltd.,V1121
Pal Electric & Engg. Works,V0886
Pal Engineering Trade Centre,V0777
Paltech Cooling Tower & Equipments Ltd,V0887
Palvy Suppliers,V0150
Pan Asia Gas Technologies ( Wuxi ) Co. Ltd.,V0888
Pandey Printing Press,V0988
Param Dham Scrap Pvt.Ltd.,V1219
Paras Electricals,V0819
Paras Polycab Pvt. Ltd.,V0889
PARMAR ENGINEERING ENTERPRISE,V1350
Parsa FM Pvt. Ltd.,V0939
Partani Soap & Silicate Industries,V0439
PARTH EXIM PVT.LTD,V1045
PARTH EXIM PVT.LTD,V1046
Paschimanchal Advertising,V0634
Pashupati Diesel Service,V0565
Pashupati Electric House,V0763
Pashupati Hardware Pvt. Ltd.,V0836
Pashupati Kawad Suppliers,V0051
Pashupati Road Carrier Nepal Pvt. Ltd.,V0398
Pashupati Road Carrier Pvt. Ltd.(India),V0925
Paso Fiber Sheet and Metal Industry Pvt.Ltd.,V1118
Patel Oil Center,V0555
Pathivara Construction,V0721
Pawan Construction,V0720
Pawan Glass House,V0443
Pawan Kumar International Pvt. Ltd.,V0835
Pesa Ad,V0617
Pg Builders & Suppliers Pvt. Ltd.,V0740
Pk & Associates,V0689
Pk Air Brake Repairing Center,V0345
Pk Cycle Stores,V0774
Platinum Marketing Pvt.Ltd,V0995
Pokhrel Enterprises,V1021
Poonam Arts,V0485
POSITRON ENGINEERING CORPORATION,V1238
Powergen Technical Services Pvt.Ltd,V1079
Powerplus Technologies India Pvt. Ltd.,V0909
Powertech Interprises,V0504
Pp Dhuwani Sewa,V0385
Pr Trading,V0151
Prabhash Construction,V0742
PRABHU TR LOAN -NPR,V1192
PRABHU TR LOAN -USD,V1193
Pradhan Trade Concern,V0850
prajuli Junk card center,V1341
Pranish Construction,V1290
Pranjal Roadways Pvt. Ltd.,V1037
Prashant Overseas,V0441
Pratyush Nirman Sewa,V0730
Prayash Solution And Builders Pvt. Ltd.,V0152
Premier Bearings (Nepal) Pvt. Ltd.,V0812
Premier India Bearings Ltd.,V0908
Premier Steel P Ltd,V0153
Prime Cable Industries Pvt. Ltd.,V0797
Prince Traders,V0052
PRINT POINT,V0616
Prismat Industries,V0544
Pristine Valley Dryport Pvt.  Ltd.,V0684
Pritam Store,V0053
Priya Suppliers Pvt. Ltd.,V0509
Pro Traders Pvt.Ltd.,V1205
Promoda Switch Gears Pvt. Ltd.,V0890
Prompt Service & Sales Co.,V0891
Pump Engineering Pvt. Ltd.,V0838
Punam Kabadi Centre,V0154
Punjab Hariyana Roadways,V0426
Pure Sound Pvt. Ltd.,V0615
Purnima Dhuwani Sewa,V0391
Quality & Environmental Management Service Pvt.Ltd,V1056
Quality International,V0536
Quality Trade Center,V0940
QUOTECH SOLUTIONS,V0892
R.D. Furniture & Furnishing Centre Pvt.Ltd,V0976
R.R. Multi Structure Lab Pvt Ltdnnnnnnn,V1254
R.R.P. Associates,V1229
Radhakrishna Logistics Pvt. Ltd.,V0400
Radhe Shyam Traders,V0155
Radhika Traders,V0054
Radio Link Advertisment Pvt. Ltd,V0606
Raghav Productivity Enhancers Ltd.,V0305
Rahul Steel And Hardware Suppliers,V0156
RAINBOW COLOURS,V1320
Raj Hardware,V0768
Raj Laxmi Traders,V0157
Raja Trading,V0055
Rajan Scrap,V0056
Rajasthan Minerals,V0308
Rajdevi Traders,V0158
Rajdhani News Publication Pavt.Ltd,V0635
Rajesh Hardwares Pvt. Ltd.,V0821
Rajesh Trading Company,V1000
Raju Sha,V1026
Raju Tractor Parts Store,V0346
Ram Janaki Kabadi Pasal,V0159
Ram Janaki Traders,V0160
Rama Janaki Kawadi Pasal,V1340
RAMANA MACHINES,V0985
Ramniwash Traders Suppliers,V1035
Randor Tech Products,V0855
Rani Sati Stationary & Gift House,V0477
Ranjeet Scrap,V0161
RASHMI CEMENT LTD.,V0665
Raunak Auto Care,V0347
Rav Brothers,V0738
Ravi Seed Center,V0455
Real Steels Pvt. Ltd.,V0826
REBS Lubrication India Pvt. Ltd,V1357
Red Mars Enterprises,V1076
Regency Watch Pvt. Ltd.,V1324
Reliable Bearings Nepal Pvt. Ltd.,V0806
Reliable Hitech Infrastructure Pvt. Ltd.,V0666
Reliable Industries Pvt.Ltd,V1003
Reliance Concast Solutions,V0300
Reliance Petro Pvt. Ltd.,V0556
Renko Pen And Stationery Pvt. Ltd.,V0975
Reza Traders,V0057
Rhi Magnesita,V0301
Rhi Magnesita India Limited,V0302
RIBBON ENTERPRISES PVT.LTD,V1303
Rich Interior Pvt. Ltd.,V0451
Richa Pharmacy,V0453
Riddhi Siddhi Logistics,V1281
Riddhi Siddhi Trade Concern,V0677
Riddhi Siddhi Trade Link,V0776
RIELLO POWER INDIA PRIVATE LIMITED,V1302
Rilu Enterprises,V0503
Rishika Enterpreses,V1267
Riya Scrap Concern,V0162
Riyans And Sahil Enterprises,V0058
Rk Trading & Suppliers,V0523
Rn Instrument India,V0537
Rohan Traders & Suppliers,V0163
Rohit Enterprises,V1298
Rohit Rohan Traders Pvt. Ltd.,V0059
Roots Advertising,V1246
Roshani Dhuwani Sewa,V0405
Roshni Kawadi Collection,V0164
Royal Udhyog Pvt.Ltd,V0948
Rs Construction,V0321
Rudra Suppliers,V1327
Rukmani International Pvt.Ltd,V0484
S Atif Aoto Worshop,V0375
S R Machinery Suppliers,V0991
S-Power Bpe Pvt. Ltd.,V0803
S.A.R Clearing Sewa,V1023
S.M.C. Global Pvt.Ltd,V1008
S.P. Machine Shop,V0741
S.R. Pandey & Co.,V0966
Saakha Steel Industries Pvt. Ltd,V0060
Sabir Motorcycle Repairing Workshop,V0376
Sabita Holding Company Pvt. Ltd,V1102
SABURI COAL TRADING PVT.LTD,V1300
Sachin Gupta Suppliers,V1348
Sachin Scrap Suppliers,V0061
Sagun Traders,V0165
Sah Soupnar Udhyog,V0469
Sai Services Pvt. Ltd.,V1001
Saifco (india Co),V1110
Sajangoth Sweets & Snacks,V1339
Sakshi Infotech,V0598
Sakshi Pragati Trade & Suppliers,V0846
Sakshi Press & Cutting Udhyog Pvt.Ltd.,V0971
Sakshi Trade Center,V0062
Sakun Suppliers,V0532
Samar Suppliers,V1092
Samayabodh Media Pvt.Ltd,V0625
Samriddhi Trading,V0907
Samridhi Dhuwani Sewa Pvt.Ltd.,V1025
Sana Workshop,V1028
Sandarv Trade & Suppliers Pvt. Ltd.,V0166
Sangam Arts,V0647
Sangrila Marketing Nepal Pvt. Ltd.,V0445
Sani Trade & Suppliers,V0167
SANIMA TR LOAN -NPR,V1194
SANIMA TR LOAN -USD,V1195
Sanjay Kabadi Suppliers,V0168
Sanju Jay Bhole Baba Traders,V0169
Sanju Multi Suppliers,V0063
Sankat Mochan Enterprises,V0064
Sanskriti Suppliers,V0170
Santosh Electronics,V0798
Santosh Hardware And Scrap Suppliers,V0171
Sanvi Roadlines,V0407
sapana sagar multipurpose pvt.ltd,V1351
Sapry Marketing Pvt. Ltd.,V0854
Saraf Terexim Limited,V0674
Saran Traders,V0172
Saraswati G.C (TIA Clearing Vendor),V1058
Sarbottam Cement Limited,V0795
Sarbottam Exims Pvt. Ltd.,V0840
Sarbottam Minerals Pvt.Ltd,V0378
Sarbottam Steels Limited.,V0941
Sarbottam Suppliers,V0066
Sarbottam Wires P. Ltd.,V0942
Sarovar Portico Birgunj,V1316
Satibani Galla Bhandar,V0458
SATYA  INTL PRIVATE LIMITED,V0906
Satya Bevereges & Distillers PVT.LTD,V1109
Satyam Suppliers,V1356
Saurabh Photo International,V0759
Sawariya Machinery,V0849
SEBI INTERNATIONAL TRADING SPC,V1054
Seliksha Heavey Equipment Earth movers Pvt Ltd,V1295
Service Point,V0348
Servokon Nepal and Fabrication,V1041
Shah Cartoon Packaging Udhyog,V0173
Shakambari Bearing & Suppliers,V0814
SHAKAMBHARI ISPAT & POWER LTD,V0655
Shakib Motor Workshop,V1206
Shakil Haidar Traders,V1214
Shakti Traders And Supppliers,V0067
Shama Construction,V0717
Shambhavi Stationery and General Suppliers,V0947
Shankar Agencies,V0545
Shankar Motor Parts,V0354
Sharif Enterprises,V0528
Sharma Goods Transport Company,V0412
Sharma Hotel,V0701
Sharraf Motorcycle Repairing And Workshop,V0355
SHASWAT TRADING,V1365
Shenzhen Chois Enterprise Ltd,V1033
Shikhar Insurance Company Ltd.,V0675
Shiltex Private Limited,V0912
SHIV & JUGNU INDUSTRIES,V1222
Shiv Bhawani Supplier,V0174
Shiv Infra Solutions Pvt.Ltd,V0943
Shiv Shakti Hardware,V0944
Shiv Shakti Scale Industries,V0786
Shiv Shakti Stores,V0175
Shiv Shankar Chemical Udhyog,V0747
Shiva consultancy Services P. Ltd.,V0945
Shiva Enterprises,V0895
SHIVA INDUSTRIES,V0962
SHIVA SCIENTIFIC TRADERS,V1047
Shiva Scientific Traders,V1048
Shiva Traders,V0783
Shivam Minerals,V0896
Shivam Packaging & Suppliers Pvt. Ltd.,V0068
Shivam Scrap Suppliers,V0176
Shivam Store Tatha Suppliers,V1282
Shivansh Hardware & Suppliers,V0177
Shivashankar Plastic & Household Pasal,V0489
Shivshakti Kabadi Pasal,V0178
Shree Ashtec Pvt. Ltd.,V0318
Shree Bajrang Bali Suppliers,V0069
Shree Bhairab Dhuwani Service,V0406
Shree Carriers,V0383
Shree Churiya Mai Suppliers And Traders,V0179
Shree Deurali Darshan Dhuwani Sewa,V0929
Shree Durga Auto Workshop,V0353
Shree Durga Motor Parts Store,V0349
Shree Durga Oils,V0568
Shree Gadhimai Kabadi Sankalan & Suppliers,V0180
Shree Gadhimai R.M.C Pvt.Ltd,V0979
Shree Ganesh Suppliers,V1227
Shree Hanuman Itta Udhyog,V0769
Shree Harisiddhi Oil Store,V0557
Shree Ishwori Darshan Dhuwani Sewa,V1274
Shree Jireshwari Kabadi Kharid Tahta Bikri Kendra,V0070
Shree Khemi Sati Trade Concern,V0779
Shree Laxmi Bhada Pasal,V0071
Shree Laxmi Traders & Suppliers,V0072
Shree Maha Laxmi Hardware Trading Center,V0073
Shree Mangalam Enterprises,V0805
Shree Manoj Saw Mill,V0292
Shree Narayan Sales & Services,V0897
SHREE NARAYAN SALES AND SERVICES,V1311
Shree Oil Distributors,V0567
Shree Om Sai Transport Pvt. Ltd.,V1287
Shree Ram Agro Engineering Works,V0722
Shree Ram Electrical Workshop,V1224
Shree Ram Scrap & Suppliers,V0074
Shree Sheetlamai Dhuwani Sewa,V0382
Shree Shyam Machinery Tools,V0793
Shree Sitaram Suppliers,V0181
Shree Vijay Laxmi Transport Company,V0431
Shreeram Janaki Furniture Udhyog,V1014
Shrestha Concept Nepal Pvt.Ltd,V1120
Shrestha Enterprises,V0317
Shristhi Rachana Construction Pvt. Ltd.,V1306
Shristi Advertising Center,V1119
Shruti Trade and Suppliers,V1268
Shubh Labh Trade Link,V0075
Shubha Labha Logistics Pvt Ltd,V1253
Shubha Shree Jagdamba Cement Mills Ltd.,V0778
Shubham Media Pvt.Ltd,V0624
Shubhlav Transport Pvt. Ltd.,V0399
Shyam Electric House,V0807
Shyam Iron & Tyre Trade,V0077
Shyam Kastha Suppliers Tatha Furniture Center,V0831
SHYAM METALICS AND ENERGY LIMITED,V1087
Shyam Sel And Power Ltd.,V0668
Shyam Steel & Minerals,V0649
Siddha Trade And Suppliers,V0507
Siddhartha Cottage Resturant and Bar Pvt. Ltd.,V0965
Siddhartha Hardware,V0791
Siddhartha Premier Insurance Limited,V0680
Siddhartha Trading and Suppliers,V1105
Siddhi Binayak Road Carriers Pvt. Ltd.,V0389
Siddhi Ganesh & Pathivara Suppliers,V1061
Siddhi Vinayak RoadLines Pvt.Ltd,V1053
Siddhishree Industries Pvt.Ltd,V0915
Sigdel Suppliers Pvt. Ltd.,V0182
Sigma Technologies Pvt. Ltd,V1293
Sign Hub Pvt. Ltd,V1098
Simara Civil Aviation Office,V0607
Simple Energy Pvt. Ltd.,V1039
Simplify It Solutions Pvt. Ltd.,V0596
Simran Motorcycle Workshop,V0351
Simran Trading And Suppliers Pvt. Ltd.,V0350
Sipradi Trading P Ltd,V0377
Sita Devi Traders,V0183
Sitaram Suppliers,V0184
Sky Technologies,V0597
Skyline Infra Pvt. Ltd.,V1322
Smart Clean & Recycle Pvt. Ltd.,V0078
Smart It Solution,V0578
Snk Rolling Bearings,V0902
Soaltee Hotel Limited,V1232
Sohana Dhuwani Sewa,V1114
Sohib Enterprises,V0954
Sojol Scrap Pvt.Ltd.,V1208
Sokhi Heli-Wom Gears Pvt.Ltd.,V0903
Solid Furture Hr Consulting Pvt. Ltd.,V0688
Sonakshi Traders And Suppliers,V0079
Sonu Traders & Suppliers,V0185
Sos Media Pvt.Ltd,V0627
Spark Automotives Pvt. Ltd.,V0365
Spectro Analytical Instruments Gmbh,V0904
Speedage Engineers Pvt. Ltd,V0905
Sreeram Smelters Pvt Ltd-Wire,V0306
SS Enterprises,V0307
Star Chemical Udhyog,V1011
Star Iron and Steel Industries,V1215
Starlight Ispat Pvt. Ltd.,V0669
Stationery World,V0496
Steel Mart,V0186
Steel Wood,V0287
SU-KAM Power Solution,V1344
Subha International,V0546
Subha Shree Jagadamba Cement Mills Ltd,V0987
Subharambha Impex Pvt.Ltd.,V0080
Subhash & Company,V0691
Subhlabh Traders,V0187
Subi Traders,V0188
Sudeep Nirman Sewa,V0726
Sugam Express Pvt. Ltd.,V0432
Sugam Parivahan Pvt. Ltd.,V0429
Suman Scrap Center,V0189
Sumit Kabadi,V0005
Sunaulo Nepal Online Pvt.Ltd,V0626
Sunil Chapain And Associates,V0687
Sunil Hardware Store,V0470
Sunita Enterprises & Suppliers,V0525
SUNLIKE EXIM PRIVATE LIMITED,V1049
Sunny Clean and Recycle Pvt. Ltd,V1261
Sunny Iron,V0190
Sunrise Trade Link Pvt.Ltd,V0495
Sunsari Kabadi Pasal,V0191
Suony Fibre Glass (I) Pvt. Ltd.,V0900
Supath Pharmacy,V1196
Super Parcel Service,V0430
Super Roshani Furniture,V0830
Super Smelters Ltd.,V0651
Super Smeltors Limited,V0670
Supreme IT Trade & Service Pvt. Ltd.,V1030
Supreme Metal Suppliers,V0192
Supriya Mart Emporium,V0081
Suraj Chand Hardware,V0082
Suraj Electronics,V0352
Suraj Kabadi Center,V0083
Suraj Nirman Samagri Suppliers,V0193
Suresh Enterprises,V0464
Surindra Engineering And Trading Co.,V0547
Suruchi Electrical Automation Solution,V0901
Surya Enterprises,V0084
Swastik sweets & Snacks Pvt. Ltd,V1088
T.R.S. Himalayan Logipark Pvt. Ltd.,V1038
Tamagadhi Suppliers,V0194
Tamakoshi Media Pvt.Ltd,V0623
Tamreshwor Scrap And Metal,V0085
Tan-Arc Constuction & Consult,V0725
Tanya Traders,V0195
Tapasya Creation Pvt. Ltd.,V0636
Tara Mata Suppliers,V0086
Tata International Ltd,V0671
Tathya Yekikrit Krishi Firm,V1123
Tci Freight,V0433
Tci-Express,V0434
Te Steels Pvt.Ltd.,V1218
Tech Flow Entrprises Pvt. Ltd.,V0548
Technocraft International,V0513
Technocraft International,V1017
Technotherma Furnances,V0899
Techwood Private Limited,V1334
Telematics Tech Pvt. Ltd,V0600
Teligenz Pvt. Ltd,V0608
Ten Steels Pvt.Ltd.,V1217
Terai Goods Carrier,V1086
Terai Motors Pvt. Ltd.,V0356
test,test
Texa Traders Private Limited,V1223
The Oriental Insurance Company Ltd.,V0919
Three Brothers Oil Stores,V0558
Thulo Inc. Pvt. Ltd.,V1329
Tibrewal Liquors,V0533
Tibrewal Suppliers,V0479
Tibrewala Impex,V0465
Times Auto Company Pvt. Ltd.,V0380
Times Steel & Power Pvt. Ltd.,V0653
Transweld Nepal Pvt. Ltd.,V1240
Transweld Trade Pvt. Ltd.,V0087
Tribhuwan Trade Center,V0034
Tridev Hardware and Impex,V0951
Trination Logistics Pvt. Ltd,V0927
Trishakti Roadlines Pvt.Ltd.,V1213
Trishakti Trade Links,V0815
Trishakti Trading House,V0488
Trishuli Media Service,V0622
Tulsi General Order Suppliers,V0500
Tulsyan Tractors,V0379
Tuscon Engineers Pvt. Ltd.,V0728
Tv Annapurna Pvt.Ltd,V0637
Tyre Centre Pvt.Ltd,V1082
Tyre Emporium,V0364
Udash Store,V0487
Udaypur Dairy & Sweets,V0534
Ujyalo Power Trading,V1330
Unique Cake & Bakers,V0526
Unique Hardwares,V0088
Unique Ideal Automobiles Pvt. Ltd,V0357
UNITECH INDUSTRIAL ENGINEERING SOLUTIONS,V1221
Universal Advertisment Pvt. Ltd.,V0619
Upaya City Cargo Pvt. Ltd.,V0401
UPPER CONSTRUCTION PVT.LTD,V1243
use in new,V1248
Usha Capacitors Ltd,V0913
Uttam Machinery And Automobile Tools Traders,V1249
Vaishnavee Engineering & Repairing Works,V0456
Valley Baba Suppliers Pvt. Ltd.,V0559
Vandana Steels Pvt. Ltd.,V0089
Varuna Integrated Logistics Pvt. Ltd.,V0921
Varuna Integrated Logistics Pvt. Ltd. IN,V0436
Vatsal Clearing & Forwarding agency,V1226
VibAlign India,V1291
Vijay Enterprises,V0090
Vijay Scrap Mart,V0091
VIKAS CASTINGS,V0914
Vinayak Logistics,V0435
VINAYAK STICKERS AND PRINTERS PVT.LTD,V1305
Vishal Apurva Pvt. Ltd,V0494
Vishal Hardware,V0762
Vishal Pneumatic Tools,V0898
Vishnu Iron & Steel Pvt. Ltd.,V0673
Vishwas Traders,V0092
Vision creation Digital Printing,V1198
Visiontech System India Pvt. Ltd.,V0549
Water Engineering & Training Centre Pvt. Ltd.,V0693
Wefixit Nepal Pvt. Ltd,V1296
World Wide Scientific & Suppliers,V0530
Worldlink Communication Ltd.,V0583
Worldwide Trading Co. Pvt. Ltd.,V0764
Xclusive Automotives Pvt. Ltd.,V0490
Yadav Store,V0474
Yadhubangsi Dhuwani Sewa Pvt. Ltd,V1101
Yadhubangsi Traders,V0093
Yes Multiple Suppliers Pvt.Ltd.,V0094
Yug Shree Pharmacy,V0681
Yuvraj Suppliers,V0515
Zast Logisolutions P Ltd,V0437
Zealous Media,V0621
Zeemag Industries Ind,V0853
Zoya Automobiles,V0358
